{
  "metadata": {
    "name": "nhattruyen",
    "author": "vBook",
    "version": 1,
    "source": "https://nhattruyenmin.com",
    "regexp": "(www.)?(nhattruyenmin.com)/truyen-tranh/[^/]+/?$",
    "description": "Đọc truyện trên trang nhattruyen",
    "local": "vi-VN",
    "language": "javascript",
    "type": "comic"
  },
  "script": {
    "home": "home.js",
    "genre": "genre.js",
    "detail": "detail.js",
    "search": "search.js",
    "toc": "toc.js",
    "chap": "chap.js"
  }
}